{
  "cv_flags": {
    "scribble": false,
    "scribble_conf": 0.5583389062274231,
    "glare": true,
    "glare_conf": 0.23069893973214284,
    "blur": false,
    "blur_conf": 0.0
  }
}